EPOCH,N_EPOCH,TIME:,LR,BATCH_SIZE,N_PARAM,FRAME_LENGTH,BACKBONE,HIDDEN_SIZE,TRAIN_LOSS,VAL_LOSS,VAL_NMSE,VAL_MAIN_METRICS,VAL_REDUCTION_LEVEL,TEST_LOSS,TEST_NMSE,TEST_MAIN_METRICS,TEST_REDUCTION_LEVEL
0,100,0.01921415,0.00100000,64,34,50,linear,8,68016235127317874467667968.00000000,72317421039892153461899264.00000000,213.35056,-202.52157966,-203.00190397,64463987228299380649885696.00000000,213.7674,-203.16607259,-203.47090547
